

{"LDR Value": "200", "Person Counter": "1", "Gas Sensor": "20"}
{"LDR Value": "200", "Person Counter": "1", "Gas Sensor": "20"}
{"LDR Value": "200", "Person Counter": "1", "Gas Sensor": "20"}
{"LDR Value": "200", "Person Counter": "1", "Gas Sensor": "20", "Water Level": "40"}
{"LDR Value": "200", "Person Counter": "1", "Gas Sensor": "20", "Water Level": "40"}
{"LDR Value": "200", "Person Counter": "2", "Gas Sensor": "22", "Water Level": "41"}
{"LDR Value": "800", "Person Counter": "2", "Gas Sensor": "100", "Water Level": "41"}
{"LDR Value": "800", "Person Counter": "2", "Gas Sensor": "10", "Water Level": "10"}